min,max,mean,median,p10,p50,p90,mode,coverage_ratio
1,63,46.210864707495375,55.0,16.0,55.0,58.0,57,0.9932028370766984
