min,max,mean,median,p10,p50,p90,mode,coverage_ratio
1,41,23.094343969588756,24.0,4.0,24.0,39.0,38,0.9042708333333334
